Timestamp,Tanggal,Pesawat ,Status,Jumlah Penumpang,Jumlah Cargo,Load Factor, Harga Tiket Tertinggi (Departure),Nama Petugas Posko,Remark,Destination ( From - To),Kode Penerbangan, Harga Tiket Terendah (Departure)
18/12/2024 8:00:09,18/12/2024,Batik Air,Arrival,123,2859,79, Rp 1.916.300 ,Musa Herry,Berjadwal,CGK-AAP,ID 6672,
18/12/2024 8:20:42,18/12/2024,Susi air,Departure,11,0,92, Rp 475.660 ,Parmen Leon Parhitean,Perintis,AAP-LPU,SI 8322,
18/12/2024 8:48:48,18/12/2024,Super Air Jet,Arrival,179,3156,99, Rp 1.584.500 ,Marcelina Kuling,Berjadwal,SUB-AAP,IU 640,
18/12/2024 8:55:05,18/12/2024,Batik Air,Departure,152,704,96, Rp 1.916.300 ,Musa Herry,Berjadwal,AAP-CGK,ID 6673,
18/12/2024 9:12:40,18/12/2024,Citilink,Arrival,141,2627,78, Rp 1.363.000 ,Parmen Leon Parhitean,Berjadwal,AAP-SUB,QG460,
18/12/2024 9:48:08,18/12/2024,Super Air Jet,Departure,183,394,99, Rp 1.584.500 ,Musa Herry,Berjadwal,AAP-SUB,IU 641,
18/12/2024 10:53:43,18/12/2024,Maf,Arrival,6,0,67, Rp -   ,Marcelina Kuling,Tidak Berjadwal,LNU-AAP,PK-MEE,
18/12/2024 11:16:47,18/12/2024,Citilink,Departure,182,195,100, Rp 1.363.000 ,Musa Herry,Berjadwal,AAP-SUB,QG 461,
18/12/2024 12:40:07,18/12/2024,Wing air,Arrival,73,1,99, Rp 1.400.900 ,Ulfah,Berjadwal,BEJ-AAP,IW1485,
18/12/2024 12:46:46,18/12/2024,Batik Air,Arrival,140,2338,90, Rp 1.993.500 ,Ibnu Miftakhul Azis,Berjadwal,CGK-AAP,ID 6256,
18/12/2024 14:45:08,18/12/2024,Batik Air,Departure,150,99,96, Rp 1.933.500 ,Ibnu Miftakhul Azis,Berjadwal,AAP - CGK,ID 6257,
18/12/2024 15:38:50,18/12/2024,Susi air,Arrival,12,0,100, Rp 475.660 ,Ibnu Miftakhul Azis,Perintis,LPU - AAP,SI 8323,
18/12/2024 15:39:44,18/12/2024,Susi air,Departure,10,0,83, Rp 350.240 ,Ulfah,Perintis,AAP - RTU,SI 8312,
18/12/2024 15:41:31,18/12/2024,Maf,Departure,0,0,0, Rp -   ,Ibnu Miftakhul Azis,Tidak Berjadwal,AAP - TRK,PK - MEE,
18/12/2024 15:42:50,18/12/2024,Wing air,Departure,73,48,100, Rp 1.409.000 ,Ulfah,Berjadwal,AAP - BEJ,IW 1484,
18/12/2024 16:06:22,18/12/2024,Super Air Jet,Arrival,174,1944,96, Rp 1.397.600 ,Ulfah,Berjadwal,SUB - AAP,IU 642,
18/12/2024 16:07:22,18/12/2024,Super Air Jet,Departure,190,1,104, Rp 1.397.600 ,Ibnu Miftakhul Azis,Berjadwal,AAP - SUB,IU 643,
18/12/2024 16:08:16,18/12/2024,Citilink,Arrival,147,2950,81, Rp 1.363.000 ,Ibnu Miftakhul Azis,Berjadwal,CGK - AAP,QG 422,
18/12/2024 16:09:03,18/12/2024,Citilink,Departure,179,230,99, Rp 1.363.000 ,Ibnu Miftakhul Azis,Berjadwal,AAP - CGK,QG 423,
18/12/2024 17:36:38,18/12/2024,Susi air,Arrival,12,0,100, Rp 350.240 ,Ulfah,Perintis,RTU - AAP,SI 8313,
18/12/2024 17:37:48,18/12/2024,Batik Air,Arrival,141,563,90, Rp 1.540.000 ,Ibnu Miftakhul Azis,Berjadwal,CGK - AAP,ID 6676,
18/12/2024 18:45:08,18/12/2024,Batik Air,Departure,156,160,99, Rp -   ,Ulfah,Berjadwal,AAP - CGK,ID 6677,
19/12/2024 8:02:44,19/12/2024,Super Air Jet,Arrival,178,1846,98, Rp 1.440.700 ,Anisa,Berjadwal,SUB-AAP,IU 640,
19/12/2024 8:06:43,19/12/2024,Wing air,Arrival,62,1,86, Rp 1.371.100 ,ANISA,Tidak Berjadwal,BEJ-AAP,IW 1487,
19/12/2024 8:09:09,19/12/2024,Batik Air,Arrival,127,3178,81, Rp 1.989.800 ,ANISA,Berjadwal,CGK-AAP,ID 6672,
19/12/2024 9:14:39,19/12/2024,Wing air,Departure,22,67,31, Rp 1.371.100 ,ANISA MANURUNG,Tidak Berjadwal,AAP-BEJ,IW1486,
19/12/2024 9:19:09,19/12/2024,Batik Air,Departure,157,573,99, Rp 1.750.900 ,WINDA KHARISMA,Berjadwal,AAP-CGK,ID 6673,
19/12/2024 9:21:55,19/12/2024,Citilink,Arrival,161,3004,89, Rp 1.373.963 ,HENNY SILITONGA,Berjadwal,SUB-AAP,QG460,
19/12/2024 9:49:37,19/12/2024,Super Air Jet,Departure,182,12,99, Rp 1.450.300 ,ANISA MANURUNG,Berjadwal,AAP-YIA,IU659,
19/12/2024 11:34:55,19/12/2024,Susi air,Departure,9,0,67, Rp 450.000 ,HENNY SILITONGA,Perintis,AAP-DTD,SI8324,
19/12/2024 11:37:52,19/12/2024,Susi air,Arrival,12,0,100, Rp 485.000 ,WINDA KHARISMA,Perintis,LPU-AAP,SI8323,
19/12/2024 11:41:19,19/12/2024,Citilink,Departure,180,257,99, Rp 1.465.404 ,ANISA MANURUNG,Berjadwal,AAP-SUB,QG461,
19/12/2024 15:20:52,19/12/2024,Citilink,Arrival,178,1615,98, Rp 1.938.065 ,ANDHIKA,Berjadwal,CGK-AAP,QG422,
19/12/2024 15:23:41,19/12/2024,Super Air Jet,Departure,184,247,100, Rp 1.316.500 ,JESI SAMPE PADANG,Berjadwal,AAP-SUB,IU643,
19/12/2024 15:27:15,19/12/2024,Susi air,Departure,1,0,8, Rp 372.700 ,CHINDY CLAUDIA M,Perintis,AAP-MHU,SI8356,
19/12/2024 15:28:43,19/12/2024,Wing air,Arrival,73,1,99, Rp 1.371.100 ,CHINDY C M,Berjadwal,BEJ-AAP,IW1485,
19/12/2024 15:29:43,19/12/2024,Wing air,Departure,72,1,99, Rp 1.371.100 ,CHINDY CM,Berjadwal,AAP-BEJ,IW1484,
19/12/2024 15:30:57,19/12/2024,Batik Air,Arrival,148,2899,94, Rp 1.744.800 ,ANDHIKA,Berjadwal,CGK-AAP,ID6256,
19/12/2024 15:31:58,19/12/2024,Batik Air,Departure,155,204,99, Rp 1.750.800 ,ANDHIKA,Berjadwal,AAP-CGK,ID6257,
19/12/2024 15:33:54,19/12/2024,Susi air,Arrival,12,0,100, Rp 450.000 ,JESI SAMPE P,Perintis,DTD-AAP,SI8325,
19/12/2024 15:34:59,19/12/2024,Susi air,Departure,11,0,92, Rp 485.000 ,JESI SAMPE P,Perintis,AAP-LPU,SI8322,
19/12/2024 15:36:00,19/12/2024,Susi air,Arrival,11,0,83, Rp 350.000 ,CHINDY CM,Perintis,MHU-AAP,SI8357,
19/12/2024 15:36:55,19/12/2024,Susi air,Departure,12,0,92, Rp 485.000 ,CHINDY CM,Perintis,AAP-LPU,SI8439,
19/12/2024 15:38:51,19/12/2024,Super Air Jet,Arrival,183,2976,100, Rp 1.450.300 ,ANDHIKA,Berjadwal,YIA-AAP,IU658,
19/12/2024 17:36:52,19/12/2024,Citilink,Departure,183,264,100, Rp 1.750.900 ,ANDHIKA,Berjadwal,AAP-CGK,QG423,
19/12/2024 17:38:42,19/12/2024,Batik Air,Arrival,150,2418,100, Rp 1.750.000 ,CHINDY C,Berjadwal,CGK-AAP,ID6676,
19/12/2024 18:12:22,19/12/2024,Susi air,Arrival,12,0,100, Rp 485.000 ,CHINDY C,Perintis,LPU-AAP,SI8440,
19/12/2024 21:05:50,19/12/2024,Batik Air,Departure,154,20,98, Rp 1.850.400 ,ANDHIKA,Berjadwal,AAP-CGK,ID6677,
20/12/2024 8:29:54,20/12/2024,Susi air,Departure,8,0,60, Rp 445.700 ,RISMA AMANDA ELISABETH,Perintis,AAP-DTD,SI 8324,
20/12/2024 8:33:20,20/12/2024,Wing air,Arrival,36,3,50, Rp 1.357.550 ,HARIYANTO,Berjadwal,BEJ-AAP,IW 1487,
20/12/2024 8:35:37,20/12/2024,Batik Air,Arrival,137,2812,87, Rp 1.944.800 ,MELLYARTI RAHMAN,Berjadwal,CGK-AAP,ID 6672,
20/12/2024 8:36:58,20/12/2024,Super Air Jet,Arrival,180,1469,100, Rp 1.395.700 ,HARIYANTO,Berjadwal,SUB-AAP,IU 640,
20/12/2024 9:27:21,20/12/2024,Wing air,Departure,30,1,42, Rp 1.357.550 ,RISMA AMANDA ELISABETH,Berjadwal,AAP-BEJ,IW 1486,
20/12/2024 9:28:53,20/12/2024,Batik Air,Departure,157,62,100, Rp 1.944.800 ,MELLYARTI RAHMAN,Berjadwal,AAP-CGK,ID 6673,
20/12/2024 9:49:44,20/12/2024,Super Air Jet,Departure,172,4,95, Rp 1.456.780 ,MELLYARTI RAHMAN,Berjadwal,AAP-YIA,IU 659,
20/12/2024 12:16:29,20/12/2024,Citilink,Arrival,169,2902,94, Rp 1.395.623 ,HARIYANTO,Berjadwal,SUB-AAP,QG 460,
20/12/2024 12:17:41,20/12/2024,Citilink,Departure,181,200,100, Rp 1.395.623 ,RISMA AMANDA,Berjadwal,AAP-SUB,QG 461,
20/12/2024 14:20:29,20/12/2024,Susi air,Arrival,12,0,100, Rp 340.240 ,Aldrian Alexander S. ,Berjadwal,RTU-AAP,SI 8313,
20/12/2024 14:21:58,20/12/2024,Susi air,Departure,11,0,92, Rp 350.240 ,Safira Khusaima,Berjadwal,AAP-RTU,SI 8312,
20/12/2024 14:26:39,20/12/2024,Wing air,Arrival,70,0,97, Rp 1.357.550 ,Lias Tangdilimban ,Berjadwal,BEJ-AAP,IW 1485,
20/12/2024 14:30:58,20/12/2024,Wing air,Departure,69,12,96, Rp 1.357.700 ,Aldrian Alexander S.,Berjadwal,AAP-BEJ,IW 1484,
20/12/2024 14:35:14,20/12/2024,Batik Air,Arrival,143,2.709,92, Rp 1.944.800 ,Safira Khusaima,Berjadwal,CGK-AAP,ID 6256,
20/12/2024 14:38:09,20/12/2024,Batik Air,Departure,157,179,99, Rp 1.944.800 ,Lias Tangdilimban,Berjadwal,AAP-CGK,ID 6257,
20/12/2024 14:40:37,20/12/2024,Super Air Jet,Arrival,180,631,100, Rp 1.395.700 ,Aldrian Alexander,Berjadwal,SUB-AAP,IU 642,
20/12/2024 14:47:37,20/12/2024,Super Air Jet,Departure,183,175,100, Rp 1.395.700 ,Safira Khusaima,Berjadwal,AAP-SUB,IU 641,
20/12/2024 14:51:20,20/12/2024,Susi air,Departure,12,0,100, Rp 435.700 ,Lias Tangdilimban ,Berjadwal,AAP-DTD,SI 8441,
20/12/2024 14:59:06,20/12/2024,Super Air Jet,Arrival,183,2535,100, Rp 1.456.780 ,Safira Khusaima,Berjadwal,YIA-AAP,IU 658,
20/12/2024 15:56:53,20/12/2024,Super Air Jet,Departure,184,212,100, Rp 1.395.700 ,Lias Tangdilimban,Berjadwal,AAP-SUB,IU 643,
20/12/2024 15:59:36,20/12/2024,Citilink,Arrival,171,2232,95, Rp 1.656.029 ,Aldrian Alexander ,Berjadwal,CGK-AAP,QG 422,
20/12/2024 17:28:18,20/12/2024,Citilink,Arrival,179,163,98, Rp 1.656.029 ,Lias Tangdilimban,Berjadwal,AAP-CGK,QG 423,
20/12/2024 17:53:42,20/12/2024,Susi air,Arrival,4,0,33, Rp 435.700 ,Aldrian Alexander ,Perintis,DTD-AAP,SI 8442,
20/12/2024 21:13:54,20/12/2024,Batik Air,Arrival,141,2251,90, Rp 1.944.800 ,Safira Khusaima,Berjadwal,CGK-AAP,ID 6676,
20/12/2024 21:15:39,20/12/2024,Batik Air,Departure,158,0,100, Rp 1.944.800 ,Lias Tangdilimban ,Berjadwal,AAP-CGK,ID 6677,
21/12/2024 9:13:33,21/12/2024,Susi air,Departure,12,0,92, Rp 485.660 ,AGAM,Perintis,AAP - LPU,SI8322,
21/12/2024 9:24:57,21/12/2024,Super Air Jet,Arrival,179,2676,99, Rp 1.456.780 ,BUNTU,Berjadwal,SUB - AAP,IU640,
21/12/2024 9:25:06,21/12/2024,Wing air,Arrival,66,1,92, Rp 1.357.000 ,RINDRA,Tidak Berjadwal,BEJ - AAP,IW1487,
21/12/2024 9:25:10,21/12/2024,Batik Air,Arrival,152,2798,97, Rp 1.944.800 ,AGAM,Berjadwal,CGK - AAP,ID6672,
21/12/2024 9:28:41,21/12/2024,Wing air,Departure,56,3,76, Rp 1.357.000 ,BUNTU,Tidak Berjadwal,AAP - BEJ,IW 1486,
21/12/2024 9:30:53,21/12/2024,Citilink,Arrival,182,1481,100, Rp 1.395.623 ,AGAM,Berjadwal,SUB - AAP,QG460,
21/12/2024 9:47:30,21/12/2024,Super Air Jet,Departure,180,6,99, Rp 1.456.780 ,BUNTU,Berjadwal,AAP - YIA,IU659,
21/12/2024 9:58:13,21/12/2024,Batik Air,Departure,156,621,99, Rp 1.944.800 ,RINDRA,Berjadwal,AAP - CGK,ID6673,
21/12/2024 11:11:12,21/12/2024,Citilink,Departure,185,487,100, Rp 1.395.623 ,AGAM ,Berjadwal,AAP - SUB,QG461,
21/12/2024 12:11:56,21/12/2024,Wing air,Arrival,69,0,94, Rp 1.357.550 ,KEMAL,Berjadwal,BEJ - AAP,IW1485,
21/12/2024 13:28:42,21/12/2024,Super Air Jet,Arrival,174,1439,97, Rp 1.395.700 ,Muhammad Kemal Hikma,Berjadwal,SUB - AAP,IU642,
21/12/2024 13:59:28,21/12/2024,Wing air,Departure,72,0,100, Rp 1.357.550 ,Muhammad Kemal Hikma,Berjadwal,AAP - BEJ,IW1484,
21/12/2024 14:00:21,21/12/2024,Super Air Jet,Departure,181,129,98, Rp 1.395.700 ,Imam Heru Subagio,Berjadwal,AAP - SUB,IU641,
21/12/2024 14:04:49,21/12/2024,Batik Air,Arrival,152,2592,96, Rp 1.944.800 ,Muhammad Kemal Hikma,Berjadwal,CGK - AAP,ID6256,
21/12/2024 14:05:28,21/12/2024,Susi air,Arrival,13,0,100, Rp 485.660 ,gigih yudha,Perintis,LPU - AAP,SI8323,
21/12/2024 14:51:08,21/12/2024,Batik Air,Departure,154,28,99, Rp 1.944.800 ,Imam Heru Subagio,Berjadwal,AAP - CGK,ID6257,
21/12/2024 15:29:59,21/12/2024,Super Air Jet,Arrival,151,2580,84, Rp 1.456.780 ,Gigih Yudha,Berjadwal,YIA - AAP,IU658,
21/12/2024 15:32:03,21/12/2024,Super Air Jet,Departure,181,0,100, Rp 1.395.700 ,Muhammad Kemal Hikma,Berjadwal,AAP - SUB,IU643,
21/12/2024 15:33:00,21/12/2024,Susi air,Departure,8,0,50, Rp 375.770 ,Imam Heru Subagio,Perintis,AAP - MHU,SI8356,
21/12/2024 15:39:37,21/12/2024,Citilink,Arrival,179,2110,99, Rp 1.656.029 ,Muhammad Kemal Hikma,Berjadwal,CGK - AAP,QG422,
21/12/2024 16:53:49,21/12/2024,Citilink,Departure,183,125,98, Rp 1.656.029 ,Kemal,Berjadwal,AAP - CGK,QG423,
21/12/2024 16:54:48,21/12/2024,Susi air,Arrival,12,0,100, Rp 375.770 ,Gigih,Perintis,MHU - AAP,SI8357,
21/12/2024 18:59:36,21/12/2024,Batik Air,Arrival,149,1303,95, Rp 1.944.800 ,Imam Heru Subagio,Berjadwal,CGK - AAP,ID6676,
21/12/2024 19:37:16,21/12/2024,Batik Air,Departure,159,24,99, Rp 1.944.800 ,Gigih,Berjadwal,AAP - CGK,ID6677,
22/12/2024 9:22:57,22/12/2024,Batik Air,Arrival,106,1226,67, Rp 1.944.800 ,Heriyanto,Berjadwal,CGK-AAP,ID-6672                                                         ,
22/12/2024 9:25:25,22/12/2024,Batik Air,Departure,160,601,99, Rp 1.944.800 ,Heriyanto,Berjadwal,AAP-CGK,ID-6673,
22/12/2024 9:28:23,22/12/2024,Wing air,Arrival,70,3,97, Rp 1.357.550 ,Heriyanto,Berjadwal,BEJ-AAP,IW-1487,
22/12/2024 9:29:41,22/12/2024,Wing air,Departure,41,3,56, Rp 1.357.550 ,Heriyanto,Berjadwal,AAP-BEJ,IW-1486,
22/12/2024 9:35:56,22/12/2024,Super Air Jet,Arrival,180,1093,98, Rp 1.456.780 ,Heriyanto,Berjadwal,SUB-AAP,IU-640,
22/12/2024 9:50:17,22/12/2024,Citilink,Arrival,172,2599,95, Rp 1.359.623 ,Vidya Alviani,Berjadwal,SUB-AAP,QG-460,
22/12/2024 10:13:42,22/12/2024,Super Air Jet,Departure,181,1591,97, Rp 1.456.780 ,Heriyanto,Berjadwal,AAP-YIA,IU-659,
22/12/2024 11:06:42,22/12/2024,Citilink,Departure,179,256,99, Rp 1.359.623 ,Vidya Alviani,Berjadwal,AAP-SUB,QG-461,
22/12/2024 12:14:20,22/12/2024,Wing air,Arrival,72,0,100, Rp 1.357.550 ,Karlin,Berjadwal,BEJ - AAP,IW 1485,
22/12/2024 12:30:36,22/12/2024,Batik Air,Arrival,146,1453,95, Rp 1.944.800 ,Ummu,Berjadwal,CGK - AAP,ID 6256,
22/12/2024 13:18:36,22/12/2024,Wing air,Departure,71,0,99, Rp 1.357.550 ,Elfandro,Berjadwal,AAP - BEJ,IW 1484,
22/12/2024 13:22:03,22/12/2024,Super Air Jet,Arrival,178,657,99, Rp 1.395.700 ,Karlin,Berjadwal,SUB - AAP,IU 642,
22/12/2024 13:23:59,22/12/2024,Super Air Jet,Departure,182,232,100, Rp 1.395.700 ,Elfandro,Berjadwal,AAP - SUB,IU 641,
22/12/2024 13:26:21,22/12/2024,Super Air Jet,Arrival,169,12,94, Rp 1.103.540 ,UMMU,Berjadwal,UPG - AAP,IU 533,
22/12/2024 17:24:54,22/12/2024,Super Air Jet,Departure,185,379,100, Rp 1.103.540 ,UMMU,Berjadwal,AAP-UPG,IU532,
22/12/2024 17:28:10,22/12/2024,Citilink,Arrival,179,1930,99, Rp 1.656.029 ,PRAYUDA,Berjadwal,CGK-AAP,QG 422,
22/12/2024 17:42:47,22/12/2024,Citilink,Departure,181,23,100, Rp 1.656.029 ,KARLINA ,Berjadwal,AAP-CGK,QG 423,
22/12/2024 19:42:15,22/12/2024,Batik Air,Arrival,144,558,92, Rp 1.944.700 ,PRAYUDA,Berjadwal,CGK-AAP,ID6676,
22/12/2024 20:14:04,22/12/2024,Super Air Jet,Arrival,182,2654,100, Rp 1.456.780 ,UMMU,Berjadwal,YIA-AAP,IU658,
22/12/2024 20:15:33,22/12/2024,Super Air Jet,Departure,179,0,99, Rp 1.395.700 ,KARLINA,Berjadwal,AAP-SUB,IU643,
22/12/2024 20:32:02,22/12/2024,Batik Air,Departure,157,53,100, Rp 1.944.800 ,UMMU,Berjadwal,AAP-CGK,ID6257,
22/12/2024 22:52:10,22/12/2024,Batik Air,Departure,132,1198,85,,Prayuda elfandro,Berjadwal,AAP-CGK,ID 6677,
23/12/2024 9:48:24,23/12/2024,Batik Air,Arrival,112,541,72, Rp 1.939.000 ,"M.SAPRIANSYAH,BUDI SUPANGAT,TRI HARDANTI,KARMINING",Berjadwal,CGK-AAP,PK-LUH,
23/12/2024 9:52:09,23/12/2024,Batik Air,Departure,155,450,99, Rp 1.939.000 ,"M.SAPRIANSYAH,BUDI SUPANGAT,KARMINING,TRI HARDANTI",Berjadwal,AAP-CGK,ID-6673,
23/12/2024 9:55:23,23/12/2024,Wing air,Arrival,70,4,96, Rp 1.348.000 ,"M.SAPRIANSYAH,BUDI SUPANGAT,KARMINING,TRI HARDANTI",Berjadwal,BEJ-AAP,IW1485,
23/12/2024 9:57:47,23/12/2024,Wing air,Departure,72,4,99, Rp 1.348.800 ,"M.SAPRIANSYAH,BUDI SUPANGAT,KARMINING,TRI HARDANTI",Berjadwal,AAP-BEJ,IW1484,
23/12/2024 10:02:56,23/12/2024,Susi air,Departure,9,,75, Rp 445.000 ,"M.SAPRIANSYAH,BUDI SUPANGAT,KARMINING,TRI HARDANTI",Perintis,AAP-DTD,SI8324,
23/12/2024 10:51:15,23/12/2024,Super Air Jet,Arrival,178,1334,98, Rp 1.299.200 ,"M.SAPRIANSYAH,BUDI SUPANGAT,KARMINING,TRI HARDANTI",Berjadwal,SUB-AAP,IU640,
23/12/2024 10:56:21,23/12/2024,Super Air Jet,Departure,181,253,100, Rp 1.374.200 ,"M.SAPRIANSYAH,BUDI SUPANGAT,KARMINING,TRI HARDANTI",Berjadwal,AAP-SUB,IU641,
23/12/2024 10:58:38,23/12/2024,Citilink,Arrival,144,2304,98, Rp 1.395.623 ,"M.SAPRIANSYAH,BUDI SUPANGAT,KARMINING,TRI HARDANTI",Berjadwal,SUB-AAP,QG460,
23/12/2024 11:08:26,23/12/2024,Susi air,Arrival,8,26,75, Rp 350.000 ,"M.SAPRIANSYAH,BUDI SUPANGAT,KARMINING,TRI HARDANTI",Perintis,RTU-AAP,SI8313,
23/12/2024 11:13:48,23/12/2024,Susi air,Departure,11,47,85, Rp 350.000 ,"M.SAPRIANSYAH,BUDI SUPANGAT,KARMINING,TRI HARDANTI",Perintis,AAP-RTU,SI8312,
23/12/2024 14:21:11,23/12/2024,Citilink,Departure,182,46,100, Rp 1.395.623 ,"RIZKI AULIA, AILSA , FATMA SASKIA",Berjadwal,AAP-SUB,QG461,
23/12/2024 14:45:23,23/12/2024,Batik Air,Arrival,101,757,64,,"RIZKI AULIA, AILSA, FATMA SASKIA",Berjadwal,CGK-AAP,ID6256,
23/12/2024 14:48:35,23/12/2024,Batik Air,Departure,156,1,99, Rp 1.944.800 ,"RIZKI AULIA, AILSA, FATMA SASKIA",Berjadwal,AAP-CGK,ID6257,
23/12/2024 14:55:02,23/12/2024,Susi air,Arrival,8,0,67, Rp 435.700 ,"RIZKI AULIA, AILSA, FATMA SASKIA",Perintis,DTD-AAP,SI8325,
23/12/2024 14:59:28,23/12/2024,Susi air,Departure,10,0,83, Rp 375.770 ,"RIZKI AULIA, AILSA, FATMA SASKIA",Perintis,AAP - MHU,SI8356,
23/12/2024 15:05:27,23/12/2024,Super Air Jet,Departure,181,113,100, Rp 1.395.700 ,"RIZKI AULIA, AILSA, FATMA SASKIA",Berjadwal,AAP - SUB,IU643,
23/12/2024 15:03:11,23/12/2024,Super Air Jet,Arrival,180,277,98,,"RIZKI AULIA, AILSA, FATMA SASKIA",Berjadwal,SUB - AAP,IU642,
23/12/2024 15:36:53,23/12/2024,Susi air,Arrival,9,0,75, Rp 365.770 ,"RIZKI AULIA, AILSA, FATMA SASKIA",Perintis,MHU - AAP,SI8357,
23/12/2024 15:38:11,23/12/2024,Citilink,Arrival,110,558,61,,"RIZKI AULIA, AILSA, FATMA SASKIA",Berjadwal,CGK - AAP,QG422,
23/12/2024 16:25:52,23/12/2024,Batik Air,Arrival,111,279,70,,"RIZKI AULIA, AILSA, FATMA SASKIA",Berjadwal,CGK - AAP,ID6676,
23/12/2024 17:34:00,23/12/2024,Citilink,Departure,180,174,99, Rp 1.656.029 ,"RIZKI AULIA, AILSA, FATMA SASKIA",Berjadwal,AAP - CGK,QG423,
23/12/2024 18:41:12,23/12/2024,Batik Air,Departure,152,0,97, Rp 1.944.800 ,"RIZKI AULIA, AILSA, FATMA SASKIA",Berjadwal,AAP - CGK,ID6677,
24/12/2024 9:37:38,24/12/2024,Batik Air,Arrival,90,2972,53, Rp 1.944.800 ,RORA ARDIAN,Berjadwal,CGK-AAP,ID6672,
24/12/2024 9:42:52,24/12/2024,Batik Air,Departure,153,493,97, Rp 1.944.800 ,ANDRIANI,Berjadwal,AAP-CGK,ID6673,
24/12/2024 9:52:18,24/12/2024,Wing air,Arrival,47,4,65, Rp 1.305.050 ,DIAH,Berjadwal,BEJ-AAP,IW1485,
24/12/2024 9:54:54,24/12/2024,Wing air,Departure,68,12,92, Rp 1.357.550 ,RORA,Berjadwal,AAP-BEJ,IW1484,
24/12/2024 11:55:25,24/12/2024,Super Air Jet,Arrival,179,2290,99, Rp 1.395.700 ,ANDRIANI,Berjadwal,SUB-AAP,IU640,
24/12/2024 11:56:36,24/12/2024,Super Air Jet,Departure,185,7,100, Rp 1.456.780 ,DIAH,Berjadwal,AAP-YIA,IU659,
24/12/2024 11:59:14,24/12/2024,Citilink,Arrival,156,1259,86, Rp 1.395.623 ,RORA ARDIAN,Berjadwal,SUB-AAP,QG460,
24/12/2024 12:00:14,24/12/2024,Citilink,Departure,179,217,99, Rp 1.395.623 ,ANDRIANI,Berjadwal,AAP-SUB,QG461,
24/12/2024 12:14:10,24/12/2024,Susi air,Arrival,12,0,100%, Rp 475.660 ,MAHRUS,Perintis,LPU-AAP,SI 8323,
24/12/2024 13:01:36,24/12/2024,Susi air,Departure,10,0,83, Rp 475.660 ,FARISAH,Perintis,AAP-LPU,SI8356,
24/12/2024 13:04:05,24/12/2024,Batik Air,Arrival,90,1764,57, Rp 1.944.700 ,ZALFA,Berjadwal,CGK-AAP,ID6256,
24/12/2024 13:06:24,24/12/2024,Susi air,Arrival,8,0,67, Rp 445.700 ,MAHRUS,Perintis,DTD-AAP,SI8325,
24/12/2024 13:43:58,24/12/2024,Batik Air,Departure,152,0,97, Rp 1.944.750 ,ZALFA,Berjadwal,AAP-CGK,ID6257,
24/12/2024 13:46:46,24/12/2024,Super Air Jet,Arrival,163,1842,89, Rp 1.456.780 ,FARISAH,Berjadwal,YIA-AAP,IU658,
24/12/2024 14:12:56,24/12/2024,Citilink,Arrival,116,1860,64, Rp 1.656.029 ,MAHRUS,Berjadwal,CGK-AAP,QG422,
24/12/2024 15:17:34,24/12/2024,Super Air Jet,Departure,181,202,99, Rp 1.395.700 ,FARISAH,Berjadwal,AAP-SUB,IU643,
24/12/2024 15:54:17,24/12/2024,Citilink,Departure,176,89,98, Rp 1.656.029 ,ZALFA,Berjadwal,AAP-CGK,QG423,
24/12/2024 16:27:38,24/12/2024,Batik Air,Arrival,116,1561,65, Rp 1.944.800 ,MAHRUS,Berjadwal,CGK-AAP,ID6676,
24/12/2024 17:39:26,24/12/2024,Batik Air,Departure,153,0,97, Rp 1.944.800 ,FARISAH,Berjadwal,AAP-CGK,ID6677,
25/12/2024 7:02:10,25/12/2024,Super Air Jet,Arrival,171,1830,94, Rp -   ,Rere Effendy G,Berjadwal,SUB-AAP,IU640,
25/12/2024 8:28:45,25/12/2024,Susi air,Departure,11,0,92, Rp 486.000 ,Rere Effendy G,Perintis,AAP - LPU,SI8322,
25/12/2024 9:41:38,25/12/2024,Super Air Jet,Departure,180,377,100, Rp 1.395.000 ,RERE EFFENDY G,Berjadwal,AAP - SUB,IU641,
25/12/2024 9:47:53,25/12/2024,Citilink,Arrival,158,3016,87, Rp -   ,RERE EFFENDY G,Berjadwal,SUB-AAP,QG460,
25/12/2024 11:17:57,25/12/2024,Citilink,Departure,183,208,100, Rp 1.395.623 ,RERE EFFENDY G,Berjadwal,AAP-SUB,QG461,
25/12/2024 11:20:53,25/12/2024,Batik Air,Arrival,132,2937,82,,RERE EFFENDY G,Berjadwal,CGK-AAP,ID6256,
25/12/2024 11:53:57,25/12/2024,Wing air,Arrival,75,3,100, Rp -   ,RERE EFFENFY G,Berjadwal,BEJ-AAP,IW1485,
25/12/2024 12:44:31,25/12/2024,Wing air,Departure,72,1,100, Rp 1.357.550 ,Andi Batara Fusthaathul,Berjadwal,AAP-BEJ,IW1484,
25/12/2024 12:50:14,25/12/2024,Susi air,Departure,12,0,100, Rp -   ,Andi Batara Fusthaathul,Perintis,AAP-RTU,SI8312,
25/12/2024 13:41:17,25/12/2024,Batik Air,Departure,154,469,98, Rp 1.994.800 ,Andi Batara Fusthaathul,Berjadwal,AAP-CGK,ID6257,
25/12/2024 13:43:30,25/12/2024,Super Air Jet,Arrival,181,745,99, Rp 1.395.700 ,Andi Batara Fusthaathul,Berjadwal,SUB-AAP,IU642,
25/12/2024 13:44:32,25/12/2024,Citilink,Arrival,144,1619,79, Rp 1.415.159 ,Andi Batara Fusthaathul,Berjadwal,CGK-AAP,QG422,
25/12/2024 15:04:14,25/12/2024,Super Air Jet,Departure,179,0,99, Rp 1.395.700 ,Andi Batara Fusthaathul ,Berjadwal,AAP-SUB,IU643,
25/12/2024 15:12:06,25/12/2024,Susi air,Arrival,12,0,100, Rp -   ,Andi Batara Fusthaathul,Perintis,LPU-AAP,SI8323,
25/12/2024 15:48:06,25/12/2024,Citilink,Departure,182,129,100, Rp 1.415.159 ,Andi Batara Fusthaathul,Berjadwal,AAP-CGK,QG423,
25/12/2024 16:40:53,25/12/2024,Susi air,Arrival,12,0,100, Rp -   ,Andi Batara Fusthaathul,Perintis,RTU-AAP,SI8313,
25/12/2024 16:52:57,25/12/2024,Batik Air,Arrival,139,2194,89, Rp 1.944.800 ,Andi Batara Fusthaathul,Berjadwal,CGK-AAP,ID6676,
25/12/2024 18:29:29,25/12/2024,Batik Air,Departure,155,0,100, Rp 1.944.800 ,Andi Batara Fusthaathul,Berjadwal,AAP-CGK,ID6677,
26/12/2024 9:19:12,26/12/2024,Batik Air,Arrival,61,3025,39, Rp 1.944.800 ,Anang ,Berjadwal,CGK-AAP,ID6672,
26/12/2024 9:44:45,26/12/2024,Batik Air,Departure,124,74,79, Rp 1.944.800 ,Dimas,Berjadwal,AAP-CGK,ID6673,
26/12/2024 10:08:36,26/12/2024,Super Air Jet,Arrival,166,2373,91, Rp 1.243.000 ,Anang ,Berjadwal,SUB-AAP ,IU640,
26/12/2024 10:21:27,26/12/2024,Super Air Jet,Departure,183,1,100, Rp 1.456.800 ,Anang ,Berjadwal,AAP-YIA,IU659,
26/12/2024 10:24:50,26/12/2024,Susi air,Departure,6,0,50,,Dimas ,Perintis,AAP-DTD,SI8324,
26/12/2024 10:37:49,26/12/2024,Citilink,Arrival,123,3023,68, Rp 1.395.900 ,Palung ,Berjadwal,SUB-AAP,QG460,
26/12/2024 11:08:24,26/12/2024,Citilink,Departure,182,58,99, Rp 1.395.900 ,Palung ,Berjadwal,AAP-SUB,QG461,
26/12/2024 12:30:54,26/12/2024,Susi air,Arrival,5,0,42, Rp -   ,Haries Nurcahya,Perintis,LPU-AAP,SI8323,
26/12/2024 12:38:30,26/12/2024,Susi air,Departure,11,0,92, Rp 485.660 ,Haries Nurcahya,Perintis,AAP-LPU,SI8322,
26/12/2024 12:47:43,26/12/2024,Batik Air,Arrival,92,2835,59, Rp -   ,Haries Nurcahya,Berjadwal,CGK-AAP,ID6256,
26/12/2024 12:53:09,26/12/2024,Wing air,Arrival,71,1,99, Rp -   ,Haries Nurcahya,Berjadwal,BEJ-AAP,IW1485,
26/12/2024 13:05:43,26/12/2024,Susi air,Arrival,11,0,92, Rp -   ,Muhammad Ghani Istijar,Perintis,DTD-AAP,SI8325,
26/12/2024 13:11:15,26/12/2024,Wing air,Departure,59,2,82, Rp 1.348.800 ,Muhammad Ghani Istijar,Berjadwal,AAP-BEJ,IW1484,
26/12/2024 13:28:19,26/12/2024,Batik Air,Departure,141,45,90, Rp 1.944.800 ,Herman,Berjadwal,AAP-CGK,ID6257,
26/12/2024 13:53:54,26/12/2024,Super Air Jet,Arrival,164,2969,91, Rp -   ,Herman,Berjadwal,YIA-AAP,IU658,
26/12/2024 13:59:41,26/12/2024,Citilink,Arrival,120,1363,66, Rp -   ,Haries Nurcahya,Berjadwal,CGK-AAP,QG422,
26/12/2024 14:43:40,26/12/2024,Susi air,Departure,3,0,25, Rp 350.000 ,Muhammad Ghani Istijar,Perintis,AAP-MHU,SI8356,
26/12/2024 14:56:06,26/12/2024,Helikopter,Arrival,0,0,0, Rp -   ,Haries Nurcahya,Tidak Berjadwal,PKY-AAP,HS7202 (Military),
26/12/2024 14:57:05,26/12/2024,Helikopter,Arrival,0,0,0, Rp -   ,Haries Nurcahya,Tidak Berjadwal,PKY-AAP,HS7203 (Military),
26/12/2024 15:11:30,26/12/2024,Super Air Jet,Departure,182,371,99, Rp 1.395.700 ,Haries Nurcahya,Berjadwal,AAP-SUB,IU643,
26/12/2024 16:03:39,26/12/2024,Citilink,Departure,137,49,76, Rp 1.496.800 ,Haries Nurcahya,Berjadwal,AAP-CGK,QG423,
26/12/2024 16:05:32,26/12/2024,Susi air,Arrival,12,0,100, Rp -   ,Haries Nurcahya,Perintis,MHU-AAP,SI8357,
26/12/2024 16:44:10,26/12/2024,Batik Air,Arrival,113,698,71, Rp -   ,Haries Nurcahya,Berjadwal,CGK-AAP,ID6676,
26/12/2024 19:10:54,26/12/2024,Batik Air,Departure,119,0,76, Rp 1.668.700 ,Haries Nurcahya,Berjadwal,AAP-CGK,ID6677,
27/12/2024 7:36:55,27/12/2025,Batik Air,Arrival,124,1807,78, Rp 1.944.800 ,"Agoes Yuliantoro, Khanina, Ahmad, Danayu",Berjadwal,CGK-AAP,ID6672,
27/12/2024 7:38:43,27/12/2024,Super Air Jet,Arrival,141,1342,77, Rp 1.243.000 ,"Agoes, khanina, Ahmad, Denayu",Berjadwal,SUB-AAP,IU640,
27/12/2024 9:27:48,27/12/2024,Batik Air,Departure,150,839,96, Rp 1.944.000 ,Ahmad,Berjadwal,AAP-CGK,ID6673,
27/12/2024 9:51:10,27/12/2024,Susi air,Departure,8,-,80, Rp 445.700 ,Agoes,Berjadwal,AAP-DTD,SI8324,
27/12/2024 10:00:07,27/12/2024,Super Air Jet,Departure,171,1,92, Rp 1.315.900 ,kHANINA,Berjadwal,AAP-YIA,IU659,
27/12/2024 10:04:02,27/12/2024,Citilink,Arrival,90,2992,50, Rp 1.395.000 ,Ahmad,Berjadwal,SUB-AAP,QG460,
27/12/2024 14:08:38,27/12/2024,Helikopter,Departure,0,0,0, Rp -   ,indra anugrah i,Tidak Berjadwal,AAP-BEJ,HS7202 (MILITARY),
27/12/2024 14:10:02,27/12/2024,Helikopter,Departure,0,0,0, Rp -   ,indra AI,Tidak Berjadwal,AAP-BEJ,HS7203 (MILITARY),
27/12/2024 14:15:42,27/12/2024,Citilink,Departure,148,267,81, Rp 1.395.900 ,Joko Prayitno,Berjadwal,AAP-SUB,QG461,
27/12/2024 14:21:01,27/12/2024,Susi air,Arrival,9,0,75, Rp -   ,Joko Prayitno,Perintis,DTD-AAP,SI8325,
27/12/2024 14:28:58,27/12/2024,Susi air,Departure,11,0,92, Rp 325.240 ,Siti Kholifah,Perintis,AAP-RTU,SI8312,
27/12/2024 14:31:53,27/12/2024,Susi air,Arrival,12,0,100, Rp -   ,Indra Anugrah,Perintis,RTU-AAP,SI8313,
27/12/2024 14:41:56,27/12/2024,Susi air,Departure,4,0,33, Rp 375.770 ,Joko Prayitno,Perintis,AAP-MHU,SI8445,
27/12/2024 14:49:51,27/12/2024,Super Air Jet,Arrival,168,436,91, Rp -   ,SITI KHOLIFAH,Berjadwal,SUB-AAP,IU642,
27/12/2024 14:55:17,27/12/2024,Super Air Jet,Departure,177,125,97, Rp 1.243.000 ,INDRA ANUGRAH,Berjadwal,AAP-SUB,IU641,
27/12/2024 15:06:12,27/12/2024,Wing air,Arrival,46,9,61, Rp -   ,Joko Prayitno,Berjadwal,BEJ-AAP,IW1485,
27/12/2024 15:09:18,27/12/2024,Wing air,Departure,48,8,65, Rp 1.357.600 ,Siti Kholifah,Berjadwal,AAP-BEJ,IW1484,
27/12/2024 16:12:24,27/12/2024,Super Air Jet,Arrival,162,2949,88, Rp -   ,INDRA ANUGRAH,Berjadwal,YIA-AAP,IU658,
27/12/2024 16:15:15,27/12/2024,Super Air Jet,Departure,171,22,95, Rp 1.193.700 ,INDRA ANUGRAH,Berjadwal,AAP-SUB,IU643,
27/12/2024 16:17:41,27/12/2024,Citilink,Arrival,138,1170,75, Rp -   ,SITI KHOLIFAH,Berjadwal,CGK-AAP,QG422,
27/12/2024 16:34:42,27/12/2024,Susi air,Arrival,11,0,83, Rp -   ,JOKO PRAYITNO,Perintis,MHU-AAP,S18357,
27/12/2024 16:40:38,27/12/2024,Susi air,Departure,9,0,75, Rp 375.770 ,JOKO PRAYITNO,Perintis,AAP-MHU,S18313,
27/12/2024 16:51:37,27/12/2024,Citilink,Departure,160,106,87, Rp 1.576.000 ,SITI KHOLIFAH,Berjadwal,AAP-CGK,QG423,
27/12/2024 16:54:35,27/12/2024,Susi air,Arrival,11,0,83, Rp -   ,JOKO PRAYITNO,Perintis,MHU-AAP,SI18446,
27/12/2024 18:08:03,27/12/2024,Batik Air,Arrival,133,1517,85, Rp -   ,INDRA ANUGRAH,Berjadwal,CGK-AAP,ID6676,
27/12/2024 18:30:36,27/12/2024,Batik Air,Departure,157,0,101, Rp 1.473.000 ,SITI KHOLIFAH,Berjadwal,AAP-CGK,ID6677,
28/12/2024 8:26:49,28/12/2024,Batik Air,Arrival,76,1897,47,,ALEX,Berjadwal,CGK-AAP,ID6672,
28/12/2024 8:29:34,28/12/2024,Susi air,Departure,11,0,83,,ALEX,Berjadwal,AAP-LPU,SI8322,
28/12/2024 9:28:36,28/12/2024,Super Air Jet,Arrival,173,2546,95, Rp 1.395.700 ,RUDI,Berjadwal,SUB-AAP,IU640,
28/12/2024 9:30:10,28/12/2024,Batik Air,Departure,137,691,87, Rp 1.944.800 ,EKO,Berjadwal,AAP-CGK,ID6673,
28/12/2024 10:13:27,28/12/2024,Super Air Jet,Departure,179,97,99, Rp 1.395.700 ,ALEX,Berjadwal,AAP-SUB,IU641,
28/12/2024 10:14:35,28/12/2024,Citilink,Arrival,102,3158,56, Rp 1.645.469 ,RUDI,Berjadwal,CGK-AAP,QG422,
28/12/2024 10:48:38,28/12/2024,Citilink,Departure,148,233,81, Rp 1.395.623 ,ALEX,Berjadwal,AAP-SUB,QG461,
28/12/2024 11:56:08,28/12/2024,Wing air,Arrival,70,1,97, Rp 1.357.550 ,ALEX,Berjadwal,BEJ-AAP,IW1485,
28/12/2024 13:02:43,28/12/2024,Wing air,Departure,71,6,99, Rp 4.024.545 ,IWAN KURNIAWAN,Berjadwal,AAP-BEJ,IW1484,
28/12/2024 13:03:12,28/12/2024,Wing air,Arrival,70,1,97, Rp 4.288.813 ,MUHAMMAD RIZKY MALIK,Berjadwal,BEJ-AAP,IW1485,
28/12/2024 15:21:09,28/12/2024,Batik Air,Departure,146,26,92, Rp 1.944.800 ,IWAN KURNIAWAN,Berjadwal,AAP-CGK,ID6257,
28/12/2024 15:21:14,28/12/2024,Batik Air,Arrival,76,1650,48, Rp 1.944.800 ,MUHAMMAD RIZKY MALIK,Berjadwal,CGK-AAP,ID6256,
28/12/2024 15:26:48,28/12/2024,Super Air Jet,Arrival,179,1431,97, Rp 1.395.700 ,MUHAMMAD RIZKY MALIK,Berjadwal,SUB-AAP,IU642,
28/12/2024 15:26:52,28/12/2024,Super Air Jet,Departure,181,0,99, Rp 1.395.700 ,IWAN KURNIAWAN,Berjadwal,AAP-SUB,IU643,
28/12/2024 15:33:39,28/12/2024,Susi air,Departure,3,0,25, Rp 350.000 ,IWAN KURNIAWAN,Berjadwal,AAP-MHU,SI8356,
28/12/2024 15:33:50,28/12/2024,Susi air,Arrival,5,0,42, Rp 460.000 ,MUHAMMAD RIZKY MALIK,Berjadwal,LPU-AAP,SI8323,
28/12/2024 17:10:52,28/12/2024,Citilink,Departure,162,107,87, Rp 1.567.400 ,IWAN KURNIAWAN,Berjadwal,AAP-CGK,QG423,
28/12/2024 17:10:55,28/12/2024,Citilink,Arrival,129,1629,71, Rp 1.567.400 ,MUHAMMAD RIZKY MALIK,Berjadwal,CGK-AAP,QG422,
28/12/2024 17:13:45,28/12/2024,Susi air,Arrival,6,0,50, Rp 456.000 ,MUHAMMAD RIZKY MALIK,Berjadwal,MHU-AAP,SI8357,
28/12/2024 17:21:12,28/12/2024,Batik Air,Arrival,96,687,60, Rp 1.944.800 ,MUHAMMAD RIZKY MALIK,Berjadwal,CGK-AAP,ID6676,
28/12/2024 17:22:59,28/12/2024,Batik Air,Arrival,96,687,60, Rp 1.944.800 ,MUHAMMAD RIZKY MALIK,Berjadwal,CGK-AAP,ID6676,
28/12/2024 17:53:55,28/12/2024,Batik Air,Departure,144,13,0, Rp 1.944.800 ,IWAN KURNIAWAN,Berjadwal,AAP-CGK,ID6677,
29/12/2024 8:50:33,29/12/2024,Batik Air,Arrival,73,3473,47, Rp 1.944.800 ,1. MURDOKO 2. ANDRE RAMADHAN PUTRA 3. FIKRI LISANI ZAMZAM 4. FEBRIANUR EATON D,Berjadwal,CGK - AAP,ID6672,
29/12/2024 8:52:49,29/12/2024,Super Air Jet,Arrival,142,1691,77, Rp 1.395.700 ,1. MURDOKO 2. ANDRE RAMADHAN PUTRA 3. FIKRI LISANI ZAMZAM 4. FEBRIANUR EATON D,Berjadwal,SUB - AAP,IU640,
29/12/2024 10:59:07,29/12/2024,Batik Air,Departure,152,441,96, Rp 1.944.800 ,1. MURDOKO 2. ANDRE RAMADHAN PUTRA 3. FIKRI LISANI ZAMZAM 4. FEBRIANUR EATON D,Berjadwal,AAP - CGK,ID6673,
29/12/2024 11:02:51,29/12/2024,Citilink,Arrival,120,2870,66, Rp 1.395.623 ,1. MURDOKO 2. ANDRE RAMADHAN PUTRA 3. FIKRI LISANI ZAMZAM 4. FEBRIANUR EATON D,Berjadwal,SUB - AAP,QG460,
29/12/2024 11:04:33,29/12/2024,Citilink,Departure,136,234,75, Rp 1.395.623 ,1. MURDOKO 2. ANDRE RAMADHAN PUTRA 3. FIKRI LISANI ZAMZAM 4. FEBRIANUR EATON D,Berjadwal,AAP - SUB,QG461,
29/12/2024 11:27:39,29/12/2024,Super Air Jet,Departure,181,51,98, Rp 1.456.700 ,1. MURDOKO 2. ANDRE RAMADHAN PUTRA 3. FIKRI LISANI ZAMZAM 4. FEBRIANUR EATON D,Berjadwal,AAP - YIA,IU659,
29/12/2024 12:10:22,29/12/2024,Wing air,Arrival,70,5,95, Rp 1.357.550 ,1. MURDOKO 2. OKTA,Berjadwal,BEJ - AAP,IW-1485,
29/12/2024 12:20:30,29/12/2024,Super Air Jet,Arrival,189,293,100, Rp 1.397.700 ,1. MURDOKO 2. OKTA,Berjadwal,SUB-AAP,IU-642,
29/12/2024 13:07:27,29/12/2024,Wing air,Departure,73,1,98, Rp 1.357.550 ,1. MURDOKO 2. OKTA,Berjadwal,AAP-BEJ,IW-1484,
29/12/2024 13:16:27,29/12/2024,Super Air Jet,Departure,180,81,99, Rp 1.395.700 ,1. MURDOKO 2. OKTA,Berjadwal,AAP-SUB,IU-641,
29/12/2024 14:10:22,29/12/2024,Super Air Jet,Arrival,181,0,97, Rp 1.103.000 ,BPK MURDOKO DAN OKTA,Tidak Berjadwal,UPG-AAP,IU-533,
29/12/2024 14:12:49,29/12/2024,Citilink,Arrival,145,1822,79, Rp 1.656.029 ,BAPAK MURDOKO DAN OKTA,Berjadwal,CGK-AAP,QG-422,
29/12/2024 15:28:49,29/12/2024,Super Air Jet,Departure,185,49,99, Rp 1.103.540 ,BAPAK MURDOKO DAN OKTA,Berjadwal,AAP-UPG,IU-532,
29/12/2024 16:39:02,29/12/2024,Citilink,Departure,178,286,98, Rp 1.656.029 ,BAPAK MURDOKO DAN OKTA,Berjadwal,AAP-CGK,QG-423,
29/12/2024 17:28:08,29/12/2024,Batik Air,Arrival,156,1423,99, Rp 1.944.800 ,BAPAK MURDOKO DAN OKTA,Berjadwal,CGK-AAP,ID-6676,
29/12/2024 17:37:39,29/12/2024,Super Air Jet,Arrival,180,2975,99, Rp 1.395.700 ,BAPAK MURDOKO DAN OKTA,Berjadwal,YIA-AAP,IU-658,
29/12/2024 18:57:09,29/12/2024,Batik Air,Departure,147,0,93, Rp 1.944.800 ,BAPAK MURDOKO DAN OKTA,Berjadwal,AAP-CGK,ID-6677,
29/12/2024 19:16:14,29/12/2024,Super Air Jet,Departure,143,191,79, Rp 1.395.700 ,BAPAK MURDOKO DAN OKTA,Berjadwal,AAP-SUB,IU-643,
30/12/2024 8:37:06,30/12/2024,Batik Air,Arrival,115,2148,73%, Rp 1.944.800 ,"M. JAENAL, MUTIA RACHMI, SRI LANJARI, ANDI AMIRAH",Berjadwal,CGK-AAP,ID6672,
30/12/2024 8:42:09,30/12/2024,Super Air Jet,Arrival,147,473,81, Rp 1.395.700 ,"M. JAENAL, MUTIA RACHMI, SRI LANJARI, AMIRAH",Berjadwal,SUB-AAP,IU640,
30/12/2024 9:27:55,30/12/2024,Batik Air,Departure,139,395,87, Rp 1.944.800 ,"JAENAL, MUTIA, SRI, AMIRA",Berjadwal,AAP-CGK,ID6673,
30/12/2024 9:31:22,30/12/2024,Citilink,Arrival,113,2942,61, Rp 1.656.029 ,"JAENAL, MUTIA, SRI, AMIRA",Berjadwal,SUB-AAP,QG460,
30/12/2024 9:34:24,30/12/2024,Susi air,Departure,8,0,58, Rp 375.770 ,"JAENAL, MUTIA, SRI, AMIRA",Berjadwal,AAP-MHU,SI8324,
30/12/2024 9:40:25,30/12/2024,Susi air,Arrival,10,0,83, Rp 340.240 ,"JAENAL, MUTIA, SRI, AMIRA",Berjadwal,RTU-AAP,SI8313,
30/12/2024 9:49:33,30/12/2024,Super Air Jet,Departure,180,216,98, Rp 1.395.700 ,"JAENAL, MUTIA, SRI, AMIRA",Berjadwal,AAP-SUB,IU641,
30/12/2024 10:24:17,30/12/2024,Susi air,Arrival,9,0,75, Rp 365.770 ,"JAENAL, MUTIA, SRI, AMIRA",Berjadwal,MHU-AAP,SI8357,
30/12/2024 11:00:39,30/12/2024,Citilink,Departure,158,61,86, Rp 1.395.623 ,"JAENAL, MUTIA, SRI, AMIRA",Berjadwal,AAP-SUB,QG461,
30/12/2024 14:39:52,30/12/2024,Super Air Jet,Departure,181,592,97, Rp 1.944.800 ,Fajrul Syamsi,Berjadwal,SUB-AAP,IU642,
30/12/2024 14:42:43,30/12/2024,Wing air,Arrival,41,0,56, Rp 1.944.800 ,Fajrul Syamsi,Berjadwal,BEJ-AAP,IW1485,
30/12/2024 14:44:37,30/12/2024,Susi air,Departure,0,0,0, Rp 1.944.700 ,Fajrul Syamsi,Perintis,AAP-MXB,PK-BVL,
30/12/2024 14:48:01,30/12/2024,Wing air,Departure,67,4,90, Rp 1.944.700 ,Fajrul Syamsi,Berjadwal,AAP-BEJ,IW1484,
30/12/2024 14:49:21,30/12/2024,Super Air Jet,Departure,173,30,96, Rp 1.944.700 ,Fajrul Syamsi,Berjadwal,AAP-SUB,IU643,
31/12/2024 9:22:30,31/12/2024,Super Air Jet,Arrival,174,1375,96,,"YUDHY, AYU, ZAKIA, ANDINI",Berjadwal,SUB-AAP,IU-640,
31/12/2024 9:25:46,31/12/2024,Citilink,Arrival,150,791,83,,"YUDHY, AYU, ZAKIA, ANDINI",Berjadwal,SUB-AAP,QG-460,
31/12/2024 9:30:14,31/12/2024,Super Air Jet,Departure,138,4,76, Rp 1.456.780 ,"YUDHY, AYU, ZAKIA, ANDINI",Berjadwal,AAP-YIA,IU-659, Rp 1.174.880 
31/12/2024 10:57:33,31/12/2024,Citilink,Departure,160,189,89, Rp 1.395.623 ,"YUDHY, AYU, ZAKIA, ANDINI",Berjadwal,AAP-SUB,QG-461, Rp 789.563 
31/12/2024 17:01:58,31/12/2024,Batik Air,Arrival,126,2824,81,,"Gunawan, Aziz, Dimas",Berjadwal,CGK-AAP,ID-6256,
31/12/2024 16:57:45,31/12/2024,Batik Air,Departure,134,532,85, Rp 1.944.000 ,"Gunawan, Aziz, Dimas",Berjadwal,AAP-CGK,ID-6257, Rp 1.190.000 
31/12/2024 17:23:12,31/12/2024,Super Air Jet,Arrival,154,1367,84,,"Gunawan, Aziz, Dimas",Berjadwal,YIA-AAP,IU-658,
31/12/2024 17:25:24,31/12/2024,Super Air Jet,Departure,179,256,98, Rp 1.395.700 ,"Gunawan, Aziz, Dimas",Berjadwal,AAP-SUB,IU-643, Rp 923.900 
31/12/2024 17:27:02,31/12/2024,Citilink,Arrival,144,2430,78,,"Gunawan, Aziz, Dimas",Berjadwal,CGK-AAP,QG-422,
31/12/2024 17:28:54,31/12/2024,Citilink,Departure,170,118,94, Rp 1.656.029 ,"Gunawan, Aziz, Dimas",Berjadwal,AAP-CGK,QG-423, Rp 854.609 
31/12/2024 17:30:30,31/12/2024,Batik Air,Arrival,128,980,82,,"Gunawan, Aziz, Dimas",Berjadwal,CGK-AAP,ID-6676,
31/12/2024 17:44:41,31/12/2024,Batik Air,Departure,114,0,72, Rp 1.944.800 ,"Gunawan, Aziz, Dimas",Berjadwal,AAP-CGK,ID-6677, Rp 1.190.000 
01/01/2025 10:09:24,01/01/2025,Super Air Jet,Arrival,156,2373,86, Rp 1.962.100 ,EDY PURWANTO,Berjadwal,SUB  - AAP,IU640, Rp 932.100 
01/01/2025 10:14:53,01/01/2025,Super Air Jet,Departure,176,462,96, Rp 1.408.100 ,RIPALDI SUWANDI,Berjadwal,SUB-AAP,IU641, Rp 932.100 
01/01/2025 10:21:52,01/01/2025,Wings Air,Arrival,45,2,61, Rp 1.369.550 ,EDY PURWANTO,Berjadwal,BEJ - AAP,IW 1485, Rp 1.369.550 
01/01/2025 13:04:19,01/01/2025,Batik Air,Arrival,104,3096,66, Rp 1.656.029 ,RAHMAD TJIPTO W,Berjadwal,CGK-AAP,ID6256, Rp 1.335.239 
01/01/2025 13:05:52,01/01/2025,Wings air,Departure,47,7,62, Rp 1.369.550 ,RAHMAD TJIPTO W,Berjadwal,AAP-BEJ,IW1484, Rp 1.369.550 
01/01/2025 13:35:09,01/01/2025,Batik Air,Departure,148,390,94, Rp 1.656.029 ,RAHMAD CHIPTO,Berjadwal,AAP-CGK,ID6257, Rp 1.335.239 
01/01/2025 15:03:07,01/01/2025,Citilink,Arrival,132,1549,72, Rp 1.656.029 ,YOGIK MARSANTIA H,Berjadwal,CGK-AAP,QG422, Rp 1.335.239 
01/01/2025 16:45:11,01/01/2025,Citilink,Departure,135,84,75, Rp 1.335.239 ,YOGIK MARSANTIA H,Berjadwal,AAP-CGK,QG423, Rp 1.656.029 
01/01/2025 18:21:04,01/01/2025,Citilink,Arrival,160,3373,86, Rp 1.395.623 ,Rahmat Tjipto Wibowo,Berjadwal,SUB-AAP,QG 460, Rp 856.163 
01/01/2025 18:22:43,01/01/2025,Citilink,Departure,107,156,58, Rp 1.395.623 ,Rahmat Tjipto Wibowo,Berjadwal,AAP - SUB,QG 461, Rp 856.163 
01/01/2025 18:24:41,01/01/2025,Super Air Jet,Arrival,178,299,98, Rp 1.408.100 ,Rahmat Tjipto Wibowo,Berjadwal,SUB - AAp,IU 642, Rp 932.100 
01/01/2025 18:50:26,01/01/2025,SMART ,Arrival,1,0,8,-,Rahmat Tjipto Wibowo,Tidak Berjadwal,TRK - AAP,PK - SNT,-
01/01/2025 18:51:52,01/01/2025,Super Air Jet,Departure,156,0,87, Rp 1.408.100 ,Rahmat Tjipto Wibowo,Berjadwal,AAP _ SUB,IU 643, Rp 932.100 
02/01/2025 8:36:45,02/01/2025,Batik Air,Arrival,110,3251,68, Rp -   ,SUPIAN NOR,Berjadwal,CGK-AAP,ID6672, Rp -   
02/01/2025 9:15:51,02/01/2025,Batik Air,Departure,147,162,92, Rp 1.944.000 ,MISNO,Berjadwal,AAP-CGK,ID6673, Rp 1.581.300 
02/01/2025 9:57:17,02/01/2025,Citilink,Arrival,181,1818,99, Rp -   ,SUPIAN NOR,Berjadwal,SUB-AAP,QG460, Rp -   
02/01/2025 11:14:47,02/01/2025,Citilink,Departure,178,26,98, Rp 1.395.623 ,YUSUANIKE NURSANDI,Berjadwal,AAP-SUB,QG461, Rp 804.563 
02/01/2025 13:03:08,02/01/2025,Super Air Jet,Arrival,181,1562,99,,UJANG SHOLAHUDIN - EMMA HARIFA - ATALA DHIYA ULHAQ,Berjadwal,SUB-AAP,IU640,
02/01/2025 13:19:27,02/01/2025,Wing air,Arrival,51,0,70,,UJANG - EMA - ATALA,Berjadwal,BEJ-AAP,IW-1485,
02/01/2025 13:23:31,02/01/2025,Wing air,Departure,69,45,88, Rp 1.357.550 ,UJANG - EMA - ATALA,Berjadwal,AAP-BEJ,IW - 1484,-
02/01/2025 13:49:19,02/01/2025,Citilink,Arrival,157,749,87,,UJANG - EMA - ATALA,Berjadwal,CGK - AAP,GQ 422,
02/01/2025 13:50:59,02/01/2025,Super Air Jet,Departure,123,39,67, Rp 1.456.780 ,UJANG - EMA - ATALA,Berjadwal,AAP-YIA,IU 659, Rp 1.256.980 
02/01/2025 16:18:12,02/01/2025,Citilink,Departure,134,43,137, Rp 1.656.029 ,UJANG-EMA-ATALA,Berjadwal,AAP-CGK,QG 423, Rp 1.095.600 
02/01/2025 16:28:56,02/01/2025,Batik Air,Arrival,149,3003,94,,UJANG - EMA - ATALA,Berjadwal,CGK-AAP,ID-6676,
02/01/2025 18:16:24,02/01/2025,Smart Aviation,Departure,0,0,0, Rp 710.360 ,Ujang Sholahudin - Emma Harifa - Atala Dhiya Ulhaq,Perintis,AAP-RTU,PK-SNT, Rp 710.360 
02/01/2025 18:18:36,02/01/2025,Smart Aviation,Arrival,9,0,75,,Ujang - Emma - Atala,Perintis,RTU-AAP,PK-SNT,
02/01/2025 18:34:51,02/01/2025,Batik Air,Departure,99,7,62, Rp 1.944.800 ,UJANG - EMA - ATALA,Berjadwal,AAP-CGK,ID-6677, Rp 1.581.300 
02/01/2025 18:38:12,02/01/2025,Super Air Jet,Arrival,182,2760,100,,UJANG - EMA - ATALA,Berjadwal,YIA-AAP,IU 658,
02/01/2025 18:45:59,02/01/2025,Titan Aviation,Arrival,13,0,100,,UJANG-EMMA-ATALA,Tidak Berjadwal,BPN-AAP,VP-CLL,
02/01/2025 18:48:50,02/01/2025,Titan Aviation,Departure,0,0,0,,UJANG-EMMA-ATALA,Tidak Berjadwal,AAP-BPN,VP-CLL,
02/01/2025 19:26:17,02/01/2025,Super Air Jet,Departure,165,173,91, Rp 1.456.780 ,UJANG-EMMA-ATALA,Berjadwal,AAP-SUB,IU 643, Rp 1.248.709 
03/01/2025 9:27:14,03/01/2025,Smart Aviation,Departure,0,0,0, Rp 525.560 ,RUSTAM HANAFI,Perintis,AAP-MHU,PK-SNT, Rp 525.560 
03/01/2025 10:54:15,03/01/2025,Batik Air,Departure,143,694,91, Rp 1.944.800 ,RUSTAM HANAFI,Berjadwal,AAP-CGK,ID6673, Rp 1.378.700 
03/01/2025 10:56:09,03/01/2025,Batik Air,Arrival,140,580,88, Rp 1.944.800 ,RUSTAM HANAFI,Berjadwal,CGK-AAP,ID6672, Rp 1.378.700 
03/01/2025 10:58:42,03/01/2025,Super Air Jet,Departure,145,8,81, Rp 1.584.500 ,RUSTAM HANAFI,Berjadwal,AAP-YIA,IU659, Rp 1.584.500 
03/01/2025 11:02:29,03/01/2025,Super Air Jet,Arrival,183,440,99, Rp 1.584.500 ,RUSTAM HANAFI,Berjadwal,SUB-AAP,IU640, Rp 1.584.500 
03/01/2025 11:08:13,03/01/2025,Citilink,Arrival,184,942,99, Rp 1.395.623 ,RUSTAM HANAFI,Berjadwal,SUB-AAP,QG460, Rp 789.563 
03/01/2025 11:22:32,03/01/2025,Citilink,Departure,179,272,98, Rp 1.395.623 ,RUSTAM HANAFI,Berjadwal,AAP-SUB,QG461, Rp 789.563 
03/01/2025 11:27:17,03/01/2025,Smart Aviation,Departure,3,59,25, Rp 724.920 ,RUSTAM HANAFI,Perintis,AAP-DTD,PK-SNT, Rp 724.920 
03/01/2025 14:49:53,03/01/2025,Wing air,Arrival,61,6,83, Rp 1.357.550 ,"Sigit Subandoro, Muhammad Zuher Ammar Dzaki, Muhammad Alwan Zuhdi",Berjadwal,BEJ-AAP,IW-1485, Rp 1.357.550 
03/01/2025 14:51:46,03/01/2025,Wing air,Departure,61,25,85, Rp 1.357.550 ,"Sigit Subandoro, Muhammad Zuher Ammar Dzaki, Muhammad Alwan Zuhdi",Berjadwal,AAP-BEJ,IW-1484, Rp 1.357.550 
03/01/2025 15:05:18,03/01/2025,Batik Air,Arrival,140,680,88, Rp 1.917.600 ,"Sigit Subandoro, Muhammad Zuher Ammar Dzaki, Muhammad Alwan Zuhdi",Berjadwal,CGK-AAP,ID6672, Rp 1.364.400 
03/01/2025 15:10:42,03/01/2025,Batik Air,Departure,143,694,91, Rp 1.917.600 ,"Sigit Subandoro, Muhammad Zuher Ammar Dzaki, Muhammad Alwan Zuhdi",Berjadwal,AAP-CGK,ID6673, Rp 1.364.400 
03/01/2025 15:24:03,03/01/2025,Super Air Jet,Arrival,186,2177,100, Rp 1.456.780 ,"Sigit Subandoro, Muhammad Zuher Ammar Dzaki, Muhammad Alwan Zuhdi",Berjadwal,YIA-AAP,IU658, Rp 1.245.880 
03/01/2025 18:16:37,03/01/2025,Super Air Jet,Departure,183,156,98, Rp 1.395.700 ,"Sigit Subandoro, Muhammad Zuher Ammar, Muhammad Alwan Zuhdi",Berjadwal,AAP-SUB,IU643, Rp 1.125.900 
03/01/2025 18:19:46,03/01/2025,Citilink,Arrival,179,2094,98,,"Sigit Subandoro, Muhammad Zuher Ammar Dzaki, Muhammad Alwan Zuhdi",Berjadwal,CGK-AAP,QG-442,
03/01/2025 18:22:22,03/01/2025,Citilink,Departure,155,159,85, Rp 1.175.399 ,"Sigit Subandoro, Muhammad Zuher Ammar Dzaki, Muhammad Alwan Zuhdi",Berjadwal,AAP-CGK,QG-423, Rp 1.656.029 
03/01/2025 18:24:50,03/01/2025,Batik Air,Arrival,157,2152,99,,"Sigit Subandoro, Muhammad Zuher Ammar Dzaki, Muhammad Alwan Zuhdi",Berjadwal,CGK-AAP,ID-6676,
03/01/2025 18:29:38,03/01/2025,Batik Air,Departure,149,-,94, Rp 1.944.800 ,"Sigit Subandoro, Muhammad Zuher Ammar Dzaki, Muhammad Alwan Zuhdi",Berjadwal,AAP-CGK,ID-6677, Rp 1.387.700 
03/01/2025 18:32:33,03/01/2025,Smart Aviation,Arrival,12,-,100,,"Sigit Subandoro, Muhammad Zuher Ammar Dzaki, Muhammad Alwan Zuhdi",Perintis,DTD-AAP,PK-SNT,
03/01/2025 18:34:00,03/01/2025,Smart Aviation,Departure,6,-,50, Rp 710.360 ,"Sigit Subandoro, Muhammad Zuher Ammar Dzaki, Muhammad Alwan Zuhdi",Perintis,AAP-RTU,PK-SNT, Rp 710.360 
04/01/2025 10:03:02,04/01/2025,Batik Air,Arrival,124,1684,78,,Denny dan Nalda,Berjadwal,CGK-AAP,ID6672,
04/01/2025 10:06:47,04/01/2025,Batik Air,Departure,142,720,90, Rp 1.944.000 ,Deny dan Nalda,Berjadwal,AAP-CGK,ID6673, Rp 1.944.000 
04/01/2025 10:45:06,04/01/2025,Super Air Jet,Arrival,183,1020,99,,Deny dan Nalda,Berjadwal,SUB-AAP,ID640,
04/01/2025 10:52:23,04/01/2025,Super Air Jet,Departure,160,271,88, Rp 1.518.600 ,Deny dan Nalda,Berjadwal,AAP-SUB,IU641, Rp 1.046.000 
04/01/2025 10:55:44,04/01/2025,Citilink,Arrival,182,2999,100,,Deny dan Nalda,Berjadwal,SUB-AAP,QG460,
04/01/2025 11:55:45,04/01/2025,Citilink,Departure,119,178,65, Rp 1.395.623 ,Deny dan Nalda,Berjadwal,AAP-SUB,QG461, Rp 912.455 
04/01/2025 12:07:11,04/01/2025,Smart Aviation,Arrival,10,0,75,,Deny dan Nalda,Perintis,RTU-AAP,PK-SNT,
04/01/2025 12:22:33,04/01/2025,Wing air,Arrival,60,2,80,,Andra Hafi Aditya,Berjadwal,BEJ-AAP,IW1485,
04/01/2025 13:10:51,04/01/2025,Super Air Jet,Arrival,185,384,100,,Andra Hafi Aditya,Berjadwal,SUB-AAP,IU642,
04/01/2025 13:13:10,04/01/2025,Wing air,Departure,60,0,83, Rp 1.357.550 ,Andra Hafi Aditya,Berjadwal,AAP-BEJ,IW1484,
04/01/2025 14:44:10,04/01/2025,Smart Aviation,Departure,8,0,66, Rp 747.320 ,Andra Hafi Aditya,Perintis,AAP-LPU,PK-SNT,
04/01/2025 14:50:31,04/01/2025,Smart Aviation,Arrival,12,0,100,,Andra Hafi Aditya,Perintis,LPU-AAP,PK-SNT,
04/01/2025 15:05:16,04/01/2025,Citilink,Arrival,187,2598,100,,Andra Hafi Aditya,Berjadwal,CGK-AAP,QG422,
04/01/2025 15:07:14,04/01/2025,Super Air Jet,Departure,179,0,98, Rp 1.518.600 ,Andra Hafi Aditya,Berjadwal,AAP-SUB,IU643, Rp 1.046.800 
04/01/2025 16:23:42,04/01/2025,Batik Air,Arrival,148,1643,93,,Andra Hafi Aditya,Berjadwal,CGK-AAP,ID6676,
04/01/2025 17:20:42,04/01/2025,Citilink,Departure,170,169,93, Rp 1.656.029 ,Andra Hafi Aditya,Berjadwal,AAP-CGK,QG423, Rp 1.077.845 
04/01/2025 17:38:57,04/01/2025,Batik Air,Departure,126,11,78, Rp 1.944.000 ,Andra Hafi Aditya,Berjadwal,AAP-CGK,ID6677, Rp 1.639.000 
05/01/2025 7:37:38,05/01/2025,Batik Air,Arrival,152,3185,96,,"Arif Rahman, Sandra Dwi Alliah",Berjadwal,CGK-AAP,ID 6672,
05/01/2025 7:58:55,05/01/2025,Super Air Jet,Arrival,179,1550,98,,"Arif Rahman, Sandra Dwi Alliah",Berjadwal,SUB-AAP,IU 640,
05/01/2025 9:16:50,05/01/2025,Batik Air,Departure,136,505,87, Rp 1.944.000 ,"Arif Rahman, Sandra Dwi Alliah",Berjadwal,AAP-CGK,ID 6673, Rp 1.639.000 
05/01/2025 10:06:26,05/01/2025,Citilink,Arrival,179,3347,97,,"Arif Rahman, Sandra Dwi Alliah",Berjadwal,SUB-AAP,QG 460,
05/01/2025 10:09:14,05/01/2025,Super Air Jet,Departure,162,48,89, Rp 1.456.780 ,"Arif Rahman, Sandra Dwi Alliah",Berjadwal,AAP-YIA,IU 659, Rp 1.373.600 
05/01/2025 11:38:13,05/01/2025,Citilink,Departure,182,237,100, Rp 1.518.515 ,"Arif Rahman, Sandra Dwi Alliah",Berjadwal,AAP-SUB,QG 461, Rp 912.455 
05/01/2025 11:39:53,05/01/2025,Batik Air,Arrival,139,2658,87,,"Arif Rahman, Sandra Dwi Alliah",Berjadwal,CGK-AAP,ID 6256,
05/01/2025 12:26:02,05/01/2025,Wing air,Arrival,68,1,93, Rp 1.357.550 ,"Iswoyo Jati,Riski,Wahyu Utomo",Berjadwal,BEJ-AAP,IW1485,
05/01/2025 14:45:48,05/01/2025,Wing air,Departure,71,16,97, Rp 1.357.550 ,"Iswoyo Jati,Riski, Wahyu Utomo",Berjadwal,AAP-BEJ,IW1484,
05/01/2025 14:51:27,05/01/2025,Batik Air,Departure,146,24,92, Rp 1.944.000 ,"Iswoyo Jati,Riski,Wahyu Utomo",Berjadwal,AAP-CGK,ID6257, Rp 1.639.000 
05/01/2025 15:29:06,05/01/2025,Super Air Jet,Arrival,181,0,97, Rp 1.203.500 ,"Iswoyo Jati,Riski,Wahyu Utomo",Berjadwal,UPG-AAP,IU533, Rp 938.300 
05/01/2025 15:34:28,05/01/2025,Super Air Jet,Arrival,182,2964,100, Rp 1.456.780 ,"Iswoyo Jati,Riski,Wahyu Utomo",Berjadwal,YIA-AAP,IU658, Rp 1.373.600 
05/01/2025 15:39:25,05/01/2025,Super Air Jet,Departure,176,19,96, Rp 1.203.500 ,"Iswoyo Jati,Riski,Wahyu Utomo",Berjadwal,AAP-UPG,IU532, Rp 938.300 
05/01/2025 16:56:25,05/01/2025,Super Air Jet,Departure,181,50,100, Rp 1.395.700 ,"Iswoyo Jati,Riski,Wahyu Utomo",Berjadwal,AAP-SBY,IU643, Rp 1.046.800 
05/01/2025 17:01:59,05/01/2025,Citilink,Arrival,180,1114,100, Rp 1.719.425 ,"Iswoyo Jati,Riski,Wahyu Utomo",Berjadwal,CGK-AAP,QG422, Rp 1.077.845 
05/01/2025 17:58:22,05/01/2025,Citilink,Departure,180,92,98, Rp 1.719.425 ,"Iswoyo Jati,Riski,Wahyu Utomo",Berjadwal,AAP-CGK,QG423, Rp 1.077.845 
05/01/2025 18:00:44,05/01/2025,Batik Air,Arrival,154,749,96, Rp 1.944.800 ,"Iswoyo Jati,Riski,Wahyu Utomo",Berjadwal,CGK-AAP,ID6676, Rp 1.639.000 
05/01/2025 18:09:46,05/01/2025,Batik Air,Departure,144,0,89, Rp 1.077.845 ,"Iswoyo Jati,Riski,Wahyu Utomo",Berjadwal,AAP-CGK,ID6677, Rp 1.719.425 
